{"cameraMode":{"drawMode":0,"name":"Shaded","section":"Shading Mode"},"sceneLighting":true,"audioPlay":false,"sceneViewState":{"m_AlwaysRefresh":false,"showFog":true,"showSkybox":true,"showFlares":true,"showImageEffects":true,"showParticleSystems":true,"showVisualEffectGraphs":true,"m_FxEnabled":true},"in2DMode":false,"pivot":{"x":21.09296417236328,"y":12.104907035827637,"z":80.68482208251953},"rotation":{"x":-0.5066611170768738,"y":-0.00493394210934639,"z":0.0028913328424096109,"w":-0.8621401786804199},"size":0.8660253882408142,"orthographic":false}