{"cameraMode":{"drawMode":0,"name":"Shaded","section":"Shading Mode"},"sceneLighting":true,"audioPlay":false,"sceneViewState":{"m_AlwaysRefresh":false,"showFog":true,"showSkybox":true,"showFlares":true,"showImageEffects":true,"showParticleSystems":true,"showVisualEffectGraphs":true,"m_FxEnabled":true},"in2DMode":false,"pivot":{"x":34.996421813964847,"y":25.713993072509767,"z":75.98281860351563},"rotation":{"x":0.06736593693494797,"y":0.9196757674217224,"z":-0.3417799472808838,"w":0.18133677542209626},"size":2.310948610305786,"orthographic":false}